74.167,68.237,83.641,102.385,129.106,112.202,57.257,5.86,20.0,20.0,52.321,27.351,42.854,54.994,1.425,64.118,-32.5
74.167,68.237,83.641,102.385,129.106,112.202,57.257,5.86,20.0,20.0,52.321,27.351,42.854,54.994,1.425,64.118,-32.5
74.137,68.208,83.615,102.359,129.083,112.183,5.724,58.586,20.0,20.0,52.299,27.326,42.827,54.965,1.422,64.088,-32.0
74.111,68.183,83.592,102.338,129.065,112.168,57.226,58.577,20.0,20.0,52.276,27.301,42.802,54.939,14.193,64.061,-32.0
74.111,68.183,83.592,102.338,129.065,112.168,57.226,58.577,20.0,20.0,52.276,27.301,42.802,54.939,14.193,64.061,-32.0
74.028,68.104,87.851,83.521,129.007,11.212,57.184,58.549,20.0,20.0,52.204,27.223,42.721,54.853,47.569,14.106,-31.0
73.973,68.051,8.78,83.474,128.969,112.089,57.156,58.531,20.0,20.0,52.156,27.171,42.666,54.796,4.751,14.048,-31.0
73.973,68.051,8.78,83.474,128.969,112.089,57.156,58.531,20.0,20.0,52.156,27.171,42.666,54.796,4.751,14.048,-31.0
73.824,6.791,87.665,83.347,128.866,122.185,57.083,58.482,20.0,20.0,52.025,2.703,42.519,54.642,47.353,1.389,-30.0
73.824,6.791,87.665,83.347,128.866,122.185,57.083,58.482,20.0,20.0,52.025,2.703,42.519,54.642,47.353,1.389,-30.0
20.0,67.817,87.575,83.264,130.866,122.128,57.037,78.063,58.453,32.866,51.936,26.935,4.242,54.539,47.248,13.786,-29.0
55.593,73.516,67.617,83.088,101.864,128.659,76.908,56.939,20.0,12.145,20.0,51.744,26.729,20.0,54.316,13.561,-37.0
55.593,73.516,67.617,83.088,101.864,128.659,76.908,56.939,20.0,12.145,20.0,51.744,26.729,20.0,54.316,13.561,-37.0
55.333,73.272,67.389,8.289,101.681,128.506,111.726,56.842,77.922,11.939,20.0,51.505,26.475,41.944,54.047,4.675,-34.5
55.333,73.272,67.389,8.289,101.681,128.506,111.726,56.842,77.922,11.939,20.0,51.505,26.475,41.944,54.047,4.675,-34.5
55.066,20.0,67.161,86.954,82.697,12.208,121.771,56.762,20.0,20.0,1.171,51.242,2.62,41.662,53.759,20.0,-32.0
62.737,54.924,72.895,6.704,82.596,101.413,128.292,56.723,116.919,20.0,11.586,5.11,26.052,4.151,53.605,20.0,-31.0
62.564,54.758,72.742,6.69,82.479,101.305,128.207,96.604,56.677,20.0,11.443,20.0,50.934,25.878,20.0,53.425,-29.5
12.502,54.583,72.582,66.753,86.572,82.356,128.119,111.454,96.554,20.0,1.129,20.0,50.756,25.693,41.144,53.234,-28.0
12.502,54.583,72.582,66.753,86.572,82.356,128.119,111.454,96.554,20.0,1.129,20.0,50.756,25.693,41.144,53.234,-28.0
12.316,54.408,72.421,66.606,86.435,82.234,128.033,121.515,111.396,20.0,11.135,20.0,50.576,25.506,40.953,53.041,-27.0
1.192,61.809,54.035,72.081,66.295,81.978,100.851,127.852,121.378,20.0,10.808,31.311,50.192,25.107,40.545,52.629,-24.5
1.192,61.809,54.035,72.081,66.295,81.978,100.851,127.852,121.378,20.0,10.808,31.311,50.192,25.107,40.545,52.629,-24.5
4.483,11.411,53.555,71.644,65.897,85.774,8.165,127.623,20.0,20.0,1.039,30.864,20.0,49.694,2.459,40.017,-21.5
4.483,11.411,53.555,71.644,65.897,85.774,8.165,127.623,20.0,20.0,1.039,30.864,20.0,49.694,2.459,40.017,-21.5
20.0,10.889,60.788,53.061,71.194,65.489,81.316,100.252,12.739,20.0,20.0,9.971,30.405,4.918,24.056,39.471,-19.0
20.0,44.017,10.624,5.281,70.966,65.282,81.146,100.099,20.0,20.0,20.0,9.762,30.172,48.918,23.785,39.194,-17.5
20.0,44.017,10.624,5.281,70.966,65.282,81.146,100.099,20.0,20.0,20.0,9.762,30.172,48.918,23.785,39.194,-17.5
50.968,43.726,10.343,52.543,70.723,65.062,84.995,80.966,128.976,20.0,20.0,9.546,29.927,20.0,23.498,38.899,-16.5
50.371,43.142,9.783,52.009,20.0,64.624,84.587,80.608,20.0,20.0,20.0,9.122,29.436,20.0,48.086,22.921,-14.5
50.371,43.142,9.783,52.009,20.0,64.624,84.587,80.608,20.0,20.0,20.0,9.122,29.436,20.0,48.086,22.921,-14.5
49.816,20.0,42.607,9.279,51.531,69.813,64.246,80.309,99.346,20.0,20.0,8.718,2.896,20.0,47.555,22.374,-13.0
49.512,20.0,42.318,9.014,51.281,69.594,64.055,80.165,20.0,20.0,20.0,8.486,28.686,20.0,47.254,22.068,-12.5
49.512,20.0,42.318,9.014,51.281,69.594,64.055,80.165,20.0,20.0,20.0,8.486,28.686,20.0,47.254,22.068,-12.5
20.0,4.891,4.175,58.376,8.501,69.169,63.689,83.731,79.892,20.0,8.031,20.0,20.0,28.136,20.0,21.458,-11.0
36.538,48.626,41.484,58.129,8.267,20.0,68.973,63.522,101.981,20.0,7.818,20.0,20.0,27.875,20.0,46.369,-10.0
36.538,48.626,41.484,58.129,8.267,20.0,68.973,63.522,101.981,20.0,7.818,20.0,20.0,27.875,20.0,46.369,-10.0
35.975,48.077,20.0,40.969,7.824,50.127,68.596,63.202,20.0,20.0,7.421,20.0,20.0,27.368,20.0,45.816,-9.0
3.565,47.761,20.0,40.674,57.379,7.579,68.384,63.023,20.0,20.0,7.198,20.0,20.0,27.074,20.0,45.495,-8.0
35.305,47.425,20.0,40.362,57.091,7.327,6.816,62.835,20.0,20.0,6.969,20.0,20.0,26.761,20.0,45.154,-7.5
34.985,47.115,20.0,40.075,56.826,7.101,67.955,62.663,82.805,20.0,6.765,20.0,20.0,26.473,20.0,44.839,-6.5
34.985,47.115,20.0,40.075,56.826,7.101,67.955,62.663,82.805,20.0,6.765,20.0,20.0,26.473,20.0,44.839,-6.5
34.371,20.0,46.519,39.524,56.318,48.917,669,62.339,20.0,6.396,20.0,20.0,20.0,25.917,20.0,44.231,-6.0
34.371,20.0,46.519,39.524,56.318,48.917,669,62.339,20.0,6.396,20.0,20.0,20.0,25.917,20.0,44.231,-6.0
34.046,20.0,46.206,39.235,56.053,48.678,67.362,6.489,20.0,6.215,20.0,20.0,20.0,25.624,20.0,43.909,-5.5
33.409,20.0,45.591,38.671,20.0,48.215,20.0,6.128,61.852,20.0,20.0,20.0,20.0,25.047,20.0,43.276,24.5
33.409,20.0,45.591,38.671,20.0,48.215,20.0,6.128,61.852,20.0,20.0,20.0,20.0,25.047,20.0,43.276,24.5
20.0,33.068,45.263,20.0,38.371,55.262,47.971,66.766,5.957,20.0,20.0,20.0,20.0,24.738,20.0,42.937,26.5
32.491,4.467,20.0,37.787,54.696,47.434,66.272,6.124,5.536,20.0,20.0,20.0,20.0,24.328,20.0,42.418,24.5
32.491,4.467,20.0,37.787,54.696,47.434,66.272,6.124,5.536,20.0,20.0,20.0,20.0,24.328,20.0,42.418,24.5
20.0,44.107,20.0,37.219,54.139,46.898,6.577,60.779,20.0,20.0,20.0,20.0,23.986,20.0,41.951,16.652,-26.0
20.0,43.824,36.931,53.854,20.0,46.622,65.511,60.539,99.562,20.0,20.0,20.0,23.827,20.0,41.724,16.408,-28.0
20.0,43.824,36.931,53.854,20.0,46.622,65.511,60.539,99.562,20.0,20.0,20.0,23.827,20.0,41.724,16.408,-28.0
31.167,43.318,20.0,36.462,53.422,46.234,65.178,60.266,80.576,20.0,20.0,20.0,23.389,20.0,20.0,15.894,-24.5
30.966,43.122,20.0,36.283,53.256,46.087,65.053,60.163,20.0,20.0,20.0,20.0,23.218,20.0,20.0,41.021,-23.5
30.966,43.122,20.0,36.283,53.256,46.087,65.053,60.163,20.0,20.0,20.0,20.0,23.218,20.0,20.0,41.021,-23.5
30.473,20.0,42.642,20.0,35.842,5.285,45.724,64.743,20.0,20.0,20.0,20.0,20.0,22.806,20.0,40.542,-20.5
20.0,30.203,42.381,20.0,35.604,52.632,45.531,64.579,20.0,20.0,20.0,20.0,20.0,22.578,20.0,40.277,-19.0
20.0,30.203,42.381,20.0,35.604,52.632,45.531,64.579,20.0,20.0,20.0,20.0,20.0,22.578,20.0,40.277,-19.0
20.0,2.993,42.117,20.0,35.362,5.241,45.334,64.412,20.0,20.0,20.0,20.0,20.0,2.235,20.0,20.0,-18.0
1.416,29.413,20.0,41.616,20.0,34.906,5.199,44.964,64.097,20.0,20.0,20.0,20.0,21.922,20.0,20.0,-16.0
1.416,29.413,20.0,41.616,20.0,34.906,5.199,44.964,64.097,20.0,20.0,20.0,20.0,21.922,20.0,20.0,-16.0
13.579,20.0,28.842,41.081,20.0,34.441,51.576,44.615,20.0,20.0,20.0,20.0,20.0,21.399,20.0,20.0,-13.5
13.579,20.0,28.842,41.081,20.0,34.441,51.576,44.615,20.0,20.0,20.0,20.0,20.0,21.399,20.0,20.0,-13.5
13.278,20.0,28.554,4.082,20.0,34.226,51.391,44.469,20.0,20.0,20.0,20.0,20.0,20.0,21.112,20.0,-12.5
38.048,12.716,2.802,20.0,4.034,33.836,51.058,20.0,4.421,20.0,20.0,20.0,20.0,20.0,20.569,20.0,-10.5
38.048,12.716,2.802,20.0,4.034,33.836,51.058,20.0,4.421,20.0,20.0,20.0,20.0,20.0,20.569,20.0,-10.5
37.418,12.099,27.436,20.0,39.817,20.0,33.418,50.703,20.0,20.0,20.0,20.0,20.0,20.0,19.968,20.0,-9.0
37.418,12.099,27.436,20.0,39.817,20.0,33.418,50.703,20.0,20.0,20.0,20.0,20.0,20.0,19.968,20.0,-9.0
37.418,12.099,27.436,20.0,39.817,20.0,33.418,50.703,20.0,20.0,20.0,20.0,20.0,20.0,19.968,20.0,-9.0
36.511,11.217,20.0,26.605,39.079,20.0,3.284,50.213,20.0,20.0,20.0,20.0,20.0,20.0,19.102,20.0,-6.5
36.511,11.217,20.0,26.605,39.079,20.0,3.284,50.213,20.0,20.0,20.0,20.0,20.0,20.0,19.102,20.0,-6.5
36.511,11.217,20.0,26.605,39.079,20.0,3.284,50.213,20.0,20.0,20.0,20.0,20.0,20.0,19.102,20.0,-6.5
20.0,35.556,10.295,2.574,20.0,38.318,20.0,32.257,49.722,20.0,20.0,20.0,20.0,20.0,18.189,20.0,-4.5
20.0,35.556,10.295,2.574,20.0,38.318,20.0,32.257,49.722,20.0,20.0,20.0,20.0,20.0,18.189,20.0,-4.5
20.0,34.862,9.631,25.117,20.0,37.772,20.0,31.849,49.377,20.0,20.0,20.0,20.0,20.0,17.527,20.0,-3.5
20.0,34.862,9.631,25.117,20.0,37.772,20.0,31.849,49.377,20.0,20.0,20.0,20.0,20.0,17.527,20.0,-3.5
20.0,34.183,8.986,24.511,20.0,37.243,20.0,31.459,20.0,20.0,20.0,20.0,20.0,20.0,16.881,20.0,-2.5
20.0,34.183,8.986,24.511,20.0,37.243,20.0,31.459,20.0,20.0,20.0,20.0,20.0,20.0,16.881,20.0,-2.5
20.0,33.536,8.377,20.0,23.938,36.743,20.0,31.098,20.0,20.0,20.0,20.0,20.0,20.0,16.268,20.0,-2.0
20.0,33.536,8.377,20.0,23.938,36.743,20.0,31.098,20.0,20.0,20.0,20.0,20.0,20.0,16.268,20.0,-2.0
20.0,32.821,20.0,7.712,23.309,36.197,20.0,20.0,30.709,20.0,20.0,20.0,20.0,20.0,15.594,20.0,-1.0
20.0,3.25,20.0,7.417,23.029,35.954,20.0,20.0,30.539,20.0,20.0,20.0,20.0,20.0,15.293,20.0,0.0
20.0,3.25,20.0,7.417,23.029,35.954,20.0,20.0,30.539,20.0,20.0,20.0,20.0,20.0,15.293,20.0,0.0
20.0,31.796,20.0,6.778,22.415,20.0,35.421,20.0,20.0,20.0,20.0,20.0,20.0,20.0,14.639,20.0,0.5
20.0,31.491,20.0,6.506,22.151,20.0,35.192,20.0,20.0,20.0,20.0,20.0,20.0,20.0,14.359,20.0,0.5
20.0,31.491,20.0,6.506,22.151,20.0,35.192,20.0,20.0,20.0,20.0,20.0,20.0,20.0,14.359,20.0,0.5
20.0,30.817,20.0,20.0,5.913,20.0,34.685,20.0,20.0,20.0,20.0,20.0,20.0,20.0,13.743,20.0,1.5
20.0,30.491,20.0,20.0,5.633,20.0,34.443,20.0,20.0,20.0,20.0,20.0,20.0,20.0,13.448,20.0,1.5
20.0,30.491,20.0,20.0,5.633,20.0,34.443,20.0,20.0,20.0,20.0,20.0,20.0,20.0,13.448,20.0,1.5
20.0,29.787,20.0,20.0,5.046,20.0,33.918,20.0,20.0,20.0,20.0,20.0,20.0,12.822,20.0,20.0,3.0
20.0,29.787,20.0,20.0,5.046,20.0,33.918,20.0,20.0,20.0,20.0,20.0,20.0,12.822,20.0,20.0,3.0
20.0,29.439,20.0,20.0,20.387,4.768,33.661,20.0,20.0,20.0,20.0,20.0,20.0,12.516,20.0,20.0,3.5
20.0,28.735,20.0,20.0,20.0,423,33.137,20.0,20.0,20.0,20.0,20.0,20.0,11.913,20.0,20.0,5.5
20.0,28.735,20.0,20.0,20.0,423,33.137,20.0,20.0,20.0,20.0,20.0,20.0,11.913,20.0,20.0,5.5
20.0,2.836,20.0,20.0,20.0,19.467,3.962,20.0,20.0,20.0,20.0,20.0,20.0,11.599,20.0,20.0,6.0
20.0,2.772,20.0,20.0,20.0,18.918,32.372,354,20.0,20.0,20.0,20.0,11.086,20.0,20.0,20.0,8.0
20.0,2.772,20.0,20.0,20.0,18.918,32.372,354,20.0,20.0,20.0,20.0,11.086,20.0,20.0,20.0,8.0
20.0,27.397,20.0,20.0,20.0,1.864,32.127,335,20.0,20.0,20.0,20.0,10.835,20.0,20.0,20.0,9.5
20.0,26.779,20.0,20.0,20.0,18.104,31.648,20.0,20.0,20.0,20.0,20.0,10.382,20.0,20.0,20.0,-3.0
20.0,26.779,20.0,20.0,20.0,18.104,31.648,20.0,20.0,20.0,20.0,20.0,10.382,20.0,20.0,20.0,-3.0
20.0,26.105,20.0,20.0,20.0,17.531,31.139,20.0,20.0,20.0,20.0,9.897,20.0,20.0,20.0,20.0,-4.5
20.0,26.105,20.0,20.0,20.0,17.531,31.139,20.0,20.0,20.0,20.0,9.897,20.0,20.0,20.0,20.0,-4.5
20.0,25.789,20.0,20.0,20.0,17.276,30.917,20.0,20.0,20.0,20.0,9.664,20.0,20.0,20.0,20.0,-4.5
20.0,25.161,20.0,20.0,20.0,16.782,30.488,20.0,20.0,20.0,20.0,9.202,20.0,20.0,20.0,20.0,-4.5
20.0,25.161,20.0,20.0,20.0,16.782,30.488,20.0,20.0,20.0,20.0,9.202,20.0,20.0,20.0,20.0,-4.5
20.0,24.784,20.0,20.0,20.0,16.492,30.236,20.0,20.0,20.0,20.0,8.932,20.0,20.0,20.0,20.0,-4.5
20.0,24.151,20.0,20.0,20.0,16.017,29.823,20.0,20.0,20.0,8.492,20.0,20.0,20.0,20.0,20.0,-4.5
20.0,24.151,20.0,20.0,20.0,16.017,29.823,20.0,20.0,20.0,8.492,20.0,20.0,20.0,20.0,20.0,-4.5
20.0,24.151,20.0,20.0,20.0,16.017,29.823,20.0,20.0,20.0,8.492,20.0,20.0,20.0,20.0,20.0,-4.5
20.0,23.228,20.0,20.0,20.0,20.0,15.355,29.247,20.0,20.0,7.888,20.0,20.0,20.0,20.0,20.0,-5.0
20.0,23.228,20.0,20.0,20.0,20.0,15.355,29.247,20.0,20.0,7.888,20.0,20.0,20.0,20.0,20.0,-5.0
20.0,23.228,20.0,20.0,20.0,20.0,15.355,29.247,20.0,20.0,7.888,20.0,20.0,20.0,20.0,20.0,-5.0
20.0,22.301,20.0,20.0,20.0,20.0,14.733,28.701,20.0,7.332,20.0,20.0,20.0,20.0,20.0,20.0,-5.0
20.0,22.301,20.0,20.0,20.0,20.0,14.733,28.701,20.0,7.332,20.0,20.0,20.0,20.0,20.0,20.0,-5.0
20.0,21.683,20.0,20.0,20.0,20.0,20.0,14.345,20.0,20.0,20.0,20.0,20.0,20.0,20.0,20.0,31.0
20.0,21.683,20.0,20.0,20.0,20.0,20.0,14.345,20.0,20.0,20.0,20.0,20.0,20.0,20.0,20.0,31.0
20.0,21.683,20.0,20.0,20.0,20.0,20.0,14.345,20.0,20.0,20.0,20.0,20.0,20.0,20.0,20.0,31.0
20.0,20.803,20.0,20.0,20.0,20.0,20.0,13.653,20.0,20.0,20.0,20.0,20.0,20.0,20.0,20.0,27.5
20.0,20.803,20.0,20.0,20.0,20.0,20.0,13.653,20.0,20.0,20.0,20.0,20.0,20.0,20.0,20.0,27.5
20.279,20.0,20.0,20.0,20.0,20.0,13.149,2.721,20.0,20.0,20.0,20.0,20.0,20.0,20.0,20.0,23.0
20.279,20.0,20.0,20.0,20.0,20.0,13.149,2.721,20.0,20.0,20.0,20.0,20.0,20.0,20.0,20.0,23.0
19.768,20.0,20.0,20.0,20.0,20.0,12.633,20.0,20.0,20.0,20.0,20.0,20.0,20.0,20.0,20.0,20.0
20.0,20.0,20.0,20.0,20.0,20.0,12.406,20.0,20.0,20.0,20.0,20.0,20.0,20.0,20.0,20.0,19.0
20.0,20.0,20.0,20.0,20.0,20.0,12.406,20.0,20.0,20.0,20.0,20.0,20.0,20.0,20.0,20.0,19.0
20.0,20.0,20.0,20.0,20.0,11.825,25.902,20.0,20.0,20.0,20.0,20.0,20.0,20.0,20.0,20.0,16.0
20.0,20.0,20.0,20.0,20.0,11.825,25.902,20.0,20.0,20.0,20.0,20.0,20.0,20.0,20.0,20.0,16.0
20.0,20.0,20.0,20.0,20.0,11.348,20.0,20.0,20.0,20.0,20.0,20.0,20.0,20.0,20.0,20.0,14.0
20.0,20.0,20.0,20.0,20.0,11.348,20.0,20.0,20.0,20.0,20.0,20.0,20.0,20.0,20.0,20.0,14.0
20.0,20.0,20.0,20.0,20.0,11.085,20.0,20.0,20.0,20.0,20.0,20.0,20.0,20.0,20.0,18.236,13.5
20.0,20.0,20.0,20.0,20.0,10.587,20.0,20.0,41.278,20.0,20.0,20.0,20.0,20.0,20.0,17.694,11.5
20.0,20.0,20.0,20.0,20.0,10.587,20.0,20.0,41.278,20.0,20.0,20.0,20.0,20.0,20.0,17.694,11.5
20.0,20.0,20.0,20.0,20.0,10.338,20.0,20.0,41.093,20.0,20.0,20.0,20.0,20.0,20.0,17.427,10.5
20.0,20.0,20.0,20.0,20.0,986,20.0,20.0,40.734,20.0,20.0,20.0,20.0,20.0,1.691,20.0,9.5
20.0,20.0,20.0,20.0,20.0,986,20.0,20.0,40.734,20.0,20.0,20.0,20.0,20.0,1.691,20.0,9.5
20.0,20.0,20.0,20.0,20.0,935,20.0,40.345,20.0,20.0,20.0,20.0,20.0,20.0,16.359,20.0,8.0
20.0,20.0,20.0,20.0,20.0,935,20.0,40.345,20.0,20.0,20.0,20.0,20.0,20.0,16.359,20.0,8.0
20.0,20.0,20.0,20.0,20.0,8.868,20.0,39.971,20.0,20.0,20.0,20.0,20.0,20.0,15.838,20.0,7.5
20.0,20.0,20.0,20.0,20.0,861,20.0,39.768,20.0,20.0,20.0,20.0,20.0,20.0,15.558,20.0,7.5
20.0,20.0,20.0,20.0,20.0,861,20.0,39.768,20.0,20.0,20.0,20.0,20.0,20.0,15.558,20.0,7.5
20.0,20.0,20.0,20.0,20.0,8.112,20.0,39.367,20.0,20.0,20.0,20.0,20.0,15.017,20.0,20.0,7.0
20.0,20.0,20.0,20.0,20.0,8.112,20.0,39.367,20.0,20.0,20.0,20.0,20.0,15.017,20.0,20.0,7.0
20.0,20.0,20.0,20.0,20.0,21.542,7.626,38.964,20.0,20.0,20.0,20.0,20.0,1.449,20.0,20.0,6.5
20.0,20.0,20.0,20.0,20.0,21.285,0.74,38.771,20.0,20.0,20.0,20.0,20.0,14.243,20.0,20.0,6.5
20.0,20.0,20.0,20.0,20.0,20.981,7.139,38.544,20.0,20.0,20.0,20.0,20.0,13.956,20.0,20.0,6.5
20.0,20.0,20.0,20.0,20.0,20.688,6.893,38.324,20.0,20.0,20.0,20.0,13.684,20.0,20.0,20.0,6.5
20.0,20.0,20.0,20.0,20.0,20.688,6.893,38.324,20.0,20.0,20.0,20.0,13.684,20.0,20.0,20.0,6.5
20.0,20.0,20.0,20.0,20.0,20.168,20.0,6.471,20.0,20.0,20.0,20.0,13.214,20.0,20.0,20.0,6.5
20.0,20.0,20.0,20.0,20.0,20.168,20.0,6.471,20.0,20.0,20.0,20.0,13.214,20.0,20.0,20.0,6.5
20.0,20.0,20.0,20.0,20.0,19.612,20.0,6.048,20.0,20.0,20.0,20.0,12.734,20.0,20.0,20.0,7.0
20.0,20.0,20.0,20.0,20.0,19.325,20.0,5.842,20.0,20.0,20.0,20.0,12.495,20.0,20.0,20.0,7.0
20.0,20.0,20.0,20.0,20.0,19.325,20.0,5.842,20.0,20.0,20.0,20.0,12.495,20.0,20.0,20.0,7.0
20.0,20.0,20.0,20.0,20.0,18.732,20.0,36.839,20.0,20.0,20.0,12.027,20.0,20.0,20.0,20.0,-5.5
20.0,20.0,20.0,20.0,20.0,18.732,20.0,36.839,20.0,20.0,20.0,12.027,20.0,20.0,20.0,20.0,-5.5
20.0,20.0,20.0,20.0,20.0,1.843,20.0,36.606,20.0,20.0,20.0,11.801,20.0,20.0,20.0,20.0,-6.0
20.0,20.0,20.0,20.0,20.0,17.949,20.0,36.264,20.0,20.0,20.0,11.368,20.0,20.0,20.0,20.0,-6.0
20.0,20.0,20.0,20.0,20.0,17.949,20.0,36.264,20.0,20.0,20.0,11.368,20.0,20.0,20.0,20.0,-6.0
20.0,20.0,20.0,20.0,20.0,17.695,20.0,36.086,20.0,20.0,20.0,11.137,20.0,20.0,20.0,20.0,-5.5
20.0,20.0,20.0,20.0,20.0,17.229,20.0,35.763,20.0,20.0,10.709,20.0,20.0,20.0,20.0,20.0,-5.5
20.0,20.0,20.0,20.0,20.0,17.229,20.0,35.763,20.0,20.0,10.709,20.0,20.0,20.0,20.0,20.0,-5.5
20.0,20.0,20.0,20.0,20.0,20.0,16.714,20.0,3.541,20.0,10.237,20.0,20.0,20.0,20.0,20.0,-5.0
20.0,20.0,20.0,20.0,20.0,20.0,16.477,20.0,20.0,20.0,10.019,20.0,20.0,20.0,20.0,20.0,-5.0
20.0,20.0,20.0,20.0,20.0,20.0,16.477,20.0,20.0,20.0,10.019,20.0,20.0,20.0,20.0,20.0,-5.0
20.0,20.0,20.0,20.0,20.0,20.0,16.045,20.0,20.0,20.0,9.626,20.0,20.0,20.0,20.0,20.0,-5.0
20.0,20.0,20.0,20.0,20.0,20.0,15.816,20.0,20.0,20.0,9.418,20.0,20.0,20.0,20.0,20.0,-4.5
20.0,20.0,20.0,20.0,20.0,20.0,15.816,20.0,20.0,20.0,9.418,20.0,20.0,20.0,20.0,20.0,-4.5
20.0,20.0,20.0,20.0,20.0,20.0,20.0,15.394,20.0,9.038,20.0,20.0,20.0,20.0,20.0,20.0,-5.0
20.0,20.0,20.0,20.0,20.0,20.0,20.0,15.198,20.0,8.865,20.0,20.0,20.0,20.0,20.0,20.0,-4.5
20.0,20.0,20.0,20.0,20.0,20.0,20.0,15.198,20.0,8.865,20.0,20.0,20.0,20.0,20.0,20.0,-4.5
20.0,20.0,20.0,20.0,20.0,20.0,20.0,14.806,20.0,20.0,20.0,20.0,20.0,20.0,20.0,20.0,27.0
20.0,20.0,20.0,20.0,20.0,20.0,20.0,14.806,20.0,20.0,20.0,20.0,20.0,20.0,20.0,20.0,27.0
20.0,20.0,20.0,20.0,20.0,20.0,20.0,1.435,20.0,20.0,20.0,20.0,20.0,20.0,20.0,20.0,27.0
20.0,20.0,20.0,20.0,20.0,20.0,20.0,1.435,20.0,20.0,20.0,20.0,20.0,20.0,20.0,20.0,27.0
20.0,20.0,20.0,20.0,20.0,20.0,20.0,13.814,20.0,20.0,20.0,20.0,20.0,20.0,20.0,20.0,25.5
20.0,20.0,20.0,20.0,20.0,20.0,20.0,13.814,20.0,20.0,20.0,20.0,20.0,20.0,20.0,20.0,25.5
20.0,20.0,20.0,20.0,20.0,20.0,20.0,13.814,20.0,20.0,20.0,20.0,20.0,20.0,20.0,20.0,25.5
20.0,20.0,20.0,20.0,20.0,20.0,13.047,20.0,32.682,20.0,20.0,20.0,20.0,20.0,20.0,20.0,53.0
20.0,20.0,20.0,20.0,20.0,20.0,13.047,20.0,32.682,20.0,20.0,20.0,20.0,20.0,20.0,20.0,53.0
20.0,20.0,20.0,20.0,20.0,20.0,12.804,32.466,20.0,20.0,20.0,20.0,20.0,20.0,20.0,20.0,51.5
20.0,20.0,20.0,20.0,20.0,12.229,20.0,31.924,51.798,20.0,20.0,20.0,20.0,20.0,20.0,20.0,44.5
20.0,20.0,20.0,20.0,20.0,12.229,20.0,31.924,51.798,20.0,20.0,20.0,20.0,20.0,20.0,20.0,44.5
20.0,20.0,20.0,20.0,20.0,1.173,31.457,51.369,122.525,20.0,20.0,20.0,20.0,20.0,20.0,20.0,39.5
20.0,20.0,20.0,20.0,20.0,1.173,31.457,51.369,122.525,20.0,20.0,20.0,20.0,20.0,20.0,20.0,39.5
20.0,20.0,20.0,20.0,11.269,31.027,50.977,71.307,31.832,20.0,20.0,20.0,20.0,20.0,20.0,20.0,36.0
20.0,20.0,20.0,20.0,11.033,30.806,50.776,31.666,20.0,20.0,20.0,20.0,20.0,20.0,20.0,20.0,34.0
20.0,20.0,20.0,20.0,11.033,30.806,50.776,31.666,20.0,20.0,20.0,20.0,20.0,20.0,20.0,20.0,34.0
20.0,20.0,20.0,20.0,10.449,30.259,50.277,31.259,20.0,20.0,20.0,20.0,20.0,20.0,20.0,20.0,30.5
20.0,20.0,20.0,20.0,10.449,30.259,50.277,31.259,20.0,20.0,20.0,20.0,20.0,20.0,20.0,20.0,30.5
20.0,20.0,20.0,10.171,29.996,50.037,7.041,31.063,12.279,20.0,20.0,20.0,20.0,20.0,20.0,20.0,29.5
20.0,20.0,20.0,9.598,29.452,49.539,30.662,122.433,115.167,20.0,20.0,20.0,20.0,20.0,20.0,20.0,26.5
20.0,20.0,20.0,9.598,29.452,49.539,30.662,122.433,115.167,20.0,20.0,20.0,20.0,20.0,20.0,20.0,26.5
20.0,20.0,20.0,8.993,49.005,69.422,30.237,114.825,123.809,20.0,20.0,20.0,20.0,20.0,20.0,20.0,24.0
20.0,20.0,20.0,8.993,49.005,69.422,30.237,114.825,123.809,20.0,20.0,20.0,20.0,20.0,20.0,20.0,24.0
20.0,20.0,20.0,8.993,49.005,69.422,30.237,114.825,123.809,20.0,20.0,20.0,20.0,20.0,20.0,20.0,24.0
20.0,20.0,20.0,8.139,48.237,50.192,29.637,103.578,20.0,20.0,20.0,20.0,20.0,20.0,20.0,20.0,22.0
20.0,20.0,20.0,8.139,48.237,50.192,29.637,103.578,20.0,20.0,20.0,20.0,20.0,20.0,20.0,20.0,22.0
20.0,20.0,20.0,7.577,68.184,29.239,113.998,10.331,108.965,20.0,20.0,20.0,20.0,20.0,20.0,20.0,20.5
20.0,20.0,20.0,7.577,68.184,29.239,113.998,10.331,108.965,20.0,20.0,20.0,20.0,20.0,20.0,20.0,20.5
20.0,20.0,26.888,7.018,89.224,28.834,113.651,103.032,86.844,20.0,20.0,20.0,20.0,20.0,20.0,20.0,19.5
20.0,20.0,26.888,7.018,89.224,28.834,113.651,103.032,86.844,20.0,20.0,20.0,20.0,20.0,20.0,20.0,19.5
20.0,20.0,26.888,7.018,89.224,28.834,113.651,103.032,86.844,20.0,20.0,20.0,20.0,20.0,20.0,20.0,19.5
20.0,20.0,26.017,6.225,48.691,28.238,102.611,8.655,15.613,20.0,20.0,20.0,20.0,20.0,20.0,20.0,40.5
20.0,20.0,26.017,6.225,48.691,28.238,102.611,8.655,15.613,20.0,20.0,20.0,20.0,20.0,20.0,20.0,40.5
20.0,25.501,45.888,5.786,27.882,11.28,102.347,15.485,139.605,20.0,20.0,20.0,20.0,20.0,20.0,20.0,39.0
20.0,25.501,45.888,5.786,27.882,11.28,102.347,15.485,139.605,20.0,20.0,20.0,20.0,20.0,20.0,20.0,39.0
20.0,25.501,45.888,5.786,27.882,11.28,102.347,15.485,139.605,20.0,20.0,20.0,20.0,20.0,20.0,20.0,39.0
20.0,2.504,87.679,5.434,112.531,86.225,93.107,15.429,20.0,20.0,20.0,20.0,20.0,20.0,20.0,20.0,34.5
20.0,2.504,87.679,5.434,112.531,86.225,93.107,15.429,20.0,20.0,20.0,20.0,20.0,20.0,20.0,20.0,34.5
24.842,45.281,5.321,27.496,102.091,8.622,15.474,80.523,126.889,20.0,20.0,20.0,20.0,20.0,20.0,20.0,32.5
24.842,45.281,5.321,27.496,102.091,8.622,15.474,80.523,126.889,20.0,20.0,20.0,20.0,20.0,20.0,20.0,32.5
24.842,45.281,5.321,27.496,102.091,8.622,15.474,80.523,126.889,20.0,20.0,20.0,20.0,20.0,20.0,20.0,32.5
45.082,47.733,524,102.077,86.263,93.206,15.593,118.338,11.616,20.0,20.0,20.0,20.0,20.0,20.0,20.0,30.5
45.082,47.733,524,102.077,86.263,93.206,15.593,118.338,11.616,20.0,20.0,20.0,20.0,20.0,20.0,20.0,30.5
45.082,47.733,524,102.077,86.263,93.206,15.593,118.338,11.616,20.0,20.0,20.0,20.0,20.0,20.0,20.0,30.5
87.257,47.663,5.223,86.325,93.298,15.727,118.513,71.858,20.0,20.0,20.0,20.0,20.0,20.0,20.0,20.0,27.0
87.257,47.663,5.223,86.325,93.298,15.727,118.513,71.858,20.0,20.0,20.0,20.0,20.0,20.0,20.0,20.0,27.0
68.137,2.74,5.242,86.364,93.345,15.787,118.584,71.944,95.851,20.0,20.0,20.0,20.0,20.0,20.0,104.514,26.0
47.643,27.403,5.267,86.419,15.885,81.005,83.196,72.091,12.037,20.0,20.0,20.0,20.0,20.0,20.0,24.342,23.5
47.643,27.403,5.267,86.419,15.885,81.005,83.196,72.091,12.037,20.0,20.0,20.0,20.0,20.0,20.0,24.342,23.5
47.652,2.742,5.295,86.456,15.938,81.061,7.216,96.084,89.136,20.0,20.0,20.0,20.0,20.0,104.413,24.328,22.5
27.442,102.207,5.337,93.529,16.027,11.886,7.228,89.272,20.0,20.0,20.0,20.0,20.0,20.0,24.292,44.813,20.5
27.442,102.207,5.337,93.529,16.027,11.886,7.228,89.272,20.0,20.0,20.0,20.0,20.0,20.0,24.292,44.813,20.5
27.492,5.405,86.592,73.056,16.127,83.503,7.24,89.401,20.0,20.0,20.0,20.0,20.0,20.0,24.293,44.821,18.5
27.492,5.405,86.592,73.056,16.127,83.503,7.24,89.401,20.0,20.0,20.0,20.0,20.0,20.0,24.293,44.821,18.5
2.751,543,8.662,16.164,81.295,72.444,96.383,89.449,138.397,20.0,20.0,20.0,20.0,20.0,24.294,65.408,17.5
10.234,5.483,93.709,16.236,119.083,72.528,89.538,104.377,20.0,20.0,20.0,20.0,20.0,104.364,24.302,6.818,15.5
10.234,5.483,93.709,16.236,119.083,72.528,89.538,104.377,20.0,20.0,20.0,20.0,20.0,104.364,24.302,6.818,15.5
102.386,5.531,7.322,16.297,117.089,72.595,89.605,138.555,20.0,20.0,20.0,20.0,20.0,2.432,44.858,47.771,13.5
102.386,5.531,7.322,16.297,117.089,72.595,89.605,138.555,20.0,20.0,20.0,20.0,20.0,2.432,44.858,47.771,13.5
102.122,5.275,72.956,16.037,116.845,72.356,89.392,138.364,20.0,20.0,20.0,20.0,20.0,24.105,44.635,47.522,12.5
102.122,5.275,72.956,16.037,116.845,72.356,89.392,138.364,20.0,20.0,20.0,20.0,20.0,24.105,44.635,47.522,12.5
4.727,85.887,72.387,15.477,71.842,95.819,88.932,137.952,68.236,20.0,20.0,20.0,10.373,23.644,86.517,46.987,10.5
4.181,92.339,14.908,117.772,71.314,95.315,88.458,67.861,88.314,20.0,20.0,20.0,23.193,43.682,66.918,46.452,8.5
4.181,92.339,14.908,117.772,71.314,95.315,88.458,67.861,88.314,20.0,20.0,20.0,23.193,43.682,66.918,46.452,8.5
4.181,92.339,14.908,117.772,71.314,95.315,88.458,67.861,88.314,20.0,20.0,20.0,23.193,43.682,66.918,46.452,8.5
84.451,7.096,14.075,114.988,70.542,87.764,136.898,67.315,42.577,20.0,20.0,20.0,22.542,42.993,45.671,25.407,6.0
84.451,7.096,14.075,114.988,70.542,87.764,136.898,67.315,42.577,20.0,20.0,20.0,22.542,42.993,45.671,25.407,6.0
83.841,70.353,1.348,114.421,69.988,87.267,136.449,66.924,42.219,20.0,20.0,20.0,2.209,63.055,45.116,2.483,4.5
83.841,70.353,1.348,114.421,69.988,87.267,136.449,66.924,42.219,20.0,20.0,20.0,2.209,63.055,45.116,2.483,4.5
83.512,70.026,1.316,114.116,6.969,86.999,136.207,66.714,42.029,20.0,20.0,20.0,2.185,62.789,44.819,24.519,2.5
82.862,6.938,12.529,113.513,69.103,86.473,135.731,66.304,41.659,20.0,20.0,21.381,41.737,83.927,4.423,212,-0.5
82.862,6.938,12.529,113.513,69.103,86.473,135.731,66.304,41.659,20.0,20.0,21.381,41.737,83.927,4.423,212,-0.5
82.236,68.759,11.927,112.939,68.545,85.976,135.284,65.925,41.322,20.0,20.0,20.927,41.238,1.756,43.658,23.311,-5.5
82.236,68.759,11.927,112.939,68.545,85.976,135.284,65.925,41.322,20.0,20.0,20.927,41.238,1.756,43.658,23.311,-5.5
81.622,68.157,11.349,112.388,68.013,85.508,134.866,65.578,10.177,20.0,20.0,20.476,40.739,82.849,43.091,22.725,-13.5
81.333,67.875,11.081,112.133,67.767,85.294,134.677,65.424,101.627,20.0,20.0,2.026,40.499,82.591,4.282,22.446,-13.0
81.333,67.875,11.081,112.133,67.767,85.294,134.677,65.424,101.627,20.0,20.0,2.026,40.499,82.591,4.282,22.446,-13.0
81.044,67.598,75.891,10.822,67.535,85.098,100.008,65.292,85.839,20.0,20.0,20.026,40.244,82.321,42.539,22.159,-12.0
80.434,87.479,67.017,10.288,67.053,91.262,84.694,13.416,125.129,20.0,20.0,19.532,39.702,60.175,41.944,21.553,-9.5
80.434,87.479,67.017,10.288,67.053,91.262,84.694,13.416,125.129,20.0,20.0,19.532,39.702,60.175,41.944,21.553,-9.5
101.512,79.819,66.434,74.763,9.762,66.573,84.294,133.818,20.0,20.0,20.0,19.036,99.024,39.153,41.341,2.094,-7.5
101.512,79.819,66.434,74.763,9.762,66.573,84.294,133.818,20.0,20.0,20.0,19.036,99.024,39.153,41.341,2.094,-7.5
101.196,79.505,66.136,74.475,9.496,66.328,84.088,133.641,20.0,20.0,20.0,18.788,98.756,38.876,41.035,20.628,-6.5
101.196,79.505,66.136,74.475,9.496,66.328,84.088,133.641,20.0,20.0,20.0,18.788,98.756,38.876,41.035,20.628,-6.5
94.648,78.932,65.593,73.949,9.022,65.883,83.718,133.323,20.0,20.0,20.0,18.338,98.264,38.369,61.026,20.058,-5.5
94.333,78.621,65.299,73.665,8.771,65.644,8.352,9.846,20.0,20.0,20.0,18.094,97.996,38.093,60.723,19.747,-5.0
93.721,78.018,85.104,6.473,119.875,0.83,8.952,83.141,20.0,20.0,20.0,17.624,97.473,37.555,60.134,19.144,-3.0
93.721,78.018,85.104,6.473,119.875,0.83,8.952,83.141,20.0,20.0,20.0,17.624,97.473,37.555,60.134,19.144,-3.0
93.097,77.402,84.499,64.149,110.421,7.836,89.084,82.755,20.0,20.0,20.0,17.155,96.942,37.011,78.869,38.973,-1.5
93.097,77.402,84.499,64.149,110.421,7.836,89.084,82.755,20.0,20.0,20.0,17.155,96.942,37.011,78.869,38.973,-1.5
93.097,77.402,84.499,64.149,110.421,7.836,89.084,82.755,20.0,20.0,20.0,17.155,96.942,37.011,78.869,38.973,-1.5
9.215,76.467,83.581,63.267,109.588,64.006,7.174,82.168,131.992,20.0,20.0,16.471,96.143,36.195,77.986,3.806,0.5
9.215,76.467,83.581,63.267,109.588,64.006,7.174,82.168,131.992,20.0,20.0,16.471,96.143,36.195,77.986,3.806,0.5
91.527,75.851,82.975,62.685,109.037,63.538,87.982,677,131.657,20.0,20.0,1.604,95.622,35.664,77.408,16.993,1.5
91.527,75.851,82.975,62.685,109.037,63.538,87.982,677,131.657,20.0,20.0,1.604,95.622,35.664,77.408,16.993,1.5
90.856,75.185,8.232,62.056,10.844,63.029,87.505,6.368,13.129,20.0,15.596,20.0,95.068,35.101,76.789,1.634,3.0
90.856,75.185,8.232,62.056,10.844,63.029,87.505,6.368,13.129,20.0,15.596,20.0,95.068,35.101,76.789,1.634,3.0
90.856,75.185,8.232,62.056,10.844,63.029,87.505,6.368,13.129,20.0,15.596,20.0,95.068,35.101,76.789,1.634,3.0
89.953,74.288,81.435,61.203,10.763,62.338,86.854,80.782,130.784,20.0,15.041,20.0,3.436,54.635,56.551,15.469,-33.0
89.953,74.288,81.435,61.203,10.763,62.338,86.854,80.782,130.784,20.0,15.041,20.0,3.436,54.635,56.551,15.469,-33.0
89.391,73.745,8.091,60.712,69.239,105.954,61.981,80.508,20.0,20.0,14.632,20.0,20.0,33.846,75.415,14.905,-32.0
89.391,73.745,8.091,60.712,69.239,105.954,61.981,80.508,20.0,20.0,14.632,20.0,20.0,33.846,75.415,14.905,-32.0
10.871,89.148,73.523,6.053,69.073,10.583,61.881,86.443,80.454,20.0,14.395,20.0,20.0,3.358,53.833,3.514,-29.5
99.017,88.698,73.121,80.333,60.216,68.795,105.639,61.742,111.111,20.0,20.0,13.907,20.0,20.0,33.051,74.624,-25.0
99.017,88.698,73.121,80.333,60.216,68.795,105.639,61.742,111.111,20.0,20.0,13.907,20.0,20.0,33.051,74.624,-25.0
13.689,98.575,88.291,72.767,80.014,59.957,115.582,61.657,101.883,20.0,20.0,13.426,20.0,20.0,32.544,52.801,-21.0
13.689,98.575,88.291,72.767,80.014,59.957,115.582,61.657,101.883,20.0,20.0,13.426,20.0,20.0,32.544,52.801,-21.0
33.741,13.301,8.795,72.476,79.754,59.751,68.397,105.403,72.451,20.0,20.0,20.0,12.999,20.0,32.101,52.364,-17.5
33.525,13.099,87.773,72.325,7.962,59.647,6.831,105.357,72.422,20.0,20.0,20.0,12.771,20.0,20.0,31.867,-16.0
33.525,13.099,87.773,72.325,7.962,59.647,6.831,105.357,72.422,20.0,20.0,20.0,12.771,20.0,20.0,31.867,-16.0
32.979,1.258,97.493,87.301,71.911,79.244,59.339,106.049,105.181,20.0,20.0,20.0,12.243,20.0,20.0,31.292,-14.0
32.979,1.258,97.493,87.301,71.911,79.244,59.339,106.049,105.181,20.0,20.0,20.0,12.243,20.0,20.0,31.292,-14.0
53.267,32.704,12.318,87.056,71.692,79.042,59.168,105.902,105.071,20.0,20.0,20.0,11.996,20.0,20.0,31.012,-12.5
72.092,32.168,11.807,86.577,71.264,78.647,58.835,67.589,138.032,20.0,20.0,20.0,1.152,20.0,20.0,30.465,-11.0
72.092,32.168,11.807,86.577,71.264,78.647,58.835,67.589,138.032,20.0,20.0,20.0,1.152,20.0,20.0,30.465,-11.0
71.525,31.614,11.284,86.085,92.284,70.826,108.333,58.498,20.0,20.0,20.0,20.0,1.103,20.0,20.0,20.0,-9.5
71.525,31.614,11.284,86.085,92.284,70.826,108.333,58.498,20.0,20.0,20.0,20.0,1.103,20.0,20.0,20.0,-9.5
71.261,31.356,95.951,11.042,92.069,70.624,108.169,58.345,114.327,20.0,20.0,20.0,10.803,20.0,20.0,20.0,-8.5
49.288,30.773,102.242,10.501,85.343,70.171,77.642,58.003,104.898,20.0,20.0,20.0,10.291,20.0,20.0,20.0,-7.5
49.288,30.773,102.242,10.501,85.343,70.171,77.642,58.003,104.898,20.0,20.0,20.0,10.291,20.0,20.0,20.0,-7.5
48.734,5.078,30.239,10.012,84.874,69.759,77.265,57.697,66.577,20.0,20.0,20.0,9.829,20.0,20.0,20.0,-6.5
48.449,50.503,29.966,9.764,84.635,6.955,77.075,57.543,66.442,20.0,20.0,20.0,9.593,20.0,20.0,20.0,-6.5
48.449,50.503,29.966,9.764,84.635,6.955,77.075,57.543,66.442,20.0,20.0,20.0,9.593,20.0,20.0,20.0,-6.5
47.809,69.201,29.355,94.059,9.219,69.085,76.651,57.204,139.885,20.0,20.0,20.0,9.073,20.0,20.0,20.0,-5.5
47.531,68.927,2.909,93.809,8.987,68.886,7.647,57.061,139.752,20.0,20.0,20.0,885,20.0,20.0,20.0,-4.5
47.531,68.927,2.909,93.809,8.987,68.886,7.647,57.061,139.752,20.0,20.0,20.0,885,20.0,20.0,20.0,-4.5
47.531,68.927,2.909,93.809,8.987,68.886,7.647,57.061,139.752,20.0,20.0,20.0,885,20.0,20.0,20.0,-4.5
46.591,6.8,28.196,92.966,83.096,8.225,68.216,106.236,56.586,20.0,20.0,812,20.0,20.0,20.0,20.0,-3.5
46.591,6.8,28.196,92.966,83.096,8.225,68.216,106.236,56.586,20.0,20.0,812,20.0,20.0,20.0,20.0,-3.5
45.998,67.416,27.636,92.438,101.873,7.768,67.801,75.487,114.532,20.0,20.0,7.681,20.0,20.0,20.0,20.0,-3.5
45.998,67.416,27.636,92.438,101.873,7.768,67.801,75.487,114.532,20.0,20.0,7.681,20.0,20.0,20.0,20.0,-3.5
25.428,67.112,27.345,92.163,101.607,7.538,67.585,75.292,114.373,20.0,20.0,746,20.0,20.0,20.0,20.0,-3.0
24.831,45.094,47.269,26.786,91.636,81.878,7.114,74.923,114.073,20.0,705,20.0,20.0,20.0,20.0,20.0,-2.5
24.831,45.094,47.269,26.786,91.636,81.878,7.114,74.923,114.073,20.0,705,20.0,20.0,20.0,20.0,20.0,-2.5
24.232,44.497,46.697,26.227,91.107,81.396,6.715,74.555,149.713,20.0,6.667,20.0,20.0,20.0,20.0,20.0,-2.0
24.232,44.497,46.697,26.227,91.107,81.396,6.715,74.555,149.713,20.0,6.667,20.0,20.0,20.0,20.0,20.0,-2.0
24.232,44.497,46.697,26.227,91.107,81.396,6.715,74.555,149.713,20.0,6.667,20.0,20.0,20.0,20.0,20.0,-2.0
23.313,43.581,45.821,25.373,9.03,80.661,66.149,6.169,104.605,6.145,20.0,20.0,20.0,20.0,20.0,20.0,-2.0
23.313,43.581,45.821,25.373,9.03,80.661,66.149,6.169,104.605,6.145,20.0,20.0,20.0,20.0,20.0,20.0,-2.0
22.693,42.962,45.232,24.801,89.757,80.169,65.737,73.631,104.282,20.0,20.0,20.0,20.0,20.0,20.0,20.0,10.0
22.693,42.962,45.232,24.801,89.757,80.169,65.737,73.631,104.282,20.0,20.0,20.0,20.0,20.0,20.0,20.0,10.0
22.389,4.266,44.944,24.523,89.492,7.993,65.538,73.453,104.127,20.0,20.0,20.0,20.0,20.0,20.0,20.0,10.5
21.746,4.201,44.308,2.39,88.892,79.373,65.056,73.011,103.728,20.0,20.0,20.0,20.0,20.0,20.0,20.0,9.0
21.746,4.201,44.308,2.39,88.892,79.373,65.056,73.011,103.728,20.0,20.0,20.0,20.0,20.0,20.0,20.0,9.0
41.437,62.918,43.744,23.349,97.927,78.876,64.624,72.613,112.166,20.0,20.0,20.0,20.0,20.0,20.0,20.0,7.5
41.437,62.918,43.744,23.349,97.927,78.876,64.624,72.613,112.166,20.0,20.0,20.0,20.0,20.0,20.0,20.0,7.5
4.087,62.351,43.185,22.802,9.741,78.381,64.195,72.219,111.827,20.0,20.0,20.0,20.0,20.0,20.0,20.0,6.5
4.057,6.205,42.888,22.512,78.119,8.483,63.967,72.009,111.646,20.0,20.0,20.0,20.0,20.0,20.0,20.0,6.0
4.057,6.205,42.888,22.512,78.119,8.483,63.967,72.009,111.646,20.0,20.0,20.0,20.0,20.0,20.0,20.0,6.0
39.907,61.388,42.234,21.874,7.754,84.283,63.465,71.547,20.0,20.0,20.0,20.0,20.0,20.0,20.0,20.0,5.0
39.907,61.388,42.234,21.874,7.754,84.283,63.465,71.547,20.0,20.0,20.0,20.0,20.0,20.0,20.0,20.0,5.0
3.93,60.779,21.288,8.635,77.008,8.378,63.004,71.122,135.671,20.0,20.0,20.0,20.0,20.0,20.0,20.0,4.0
3.93,60.779,21.288,8.635,77.008,8.378,63.004,71.122,135.671,20.0,20.0,20.0,20.0,20.0,20.0,20.0,4.0
38.686,60.164,20.696,85.771,76.469,83.271,62.538,101.614,135.323,20.0,20.0,20.0,20.0,20.0,20.0,20.0,3.5
38.686,60.164,20.696,85.771,76.469,83.271,62.538,101.614,135.323,20.0,20.0,20.0,20.0,20.0,20.0,20.0,3.5
38.008,40.355,20.043,85.132,75.874,82.709,62.025,10.118,134.939,20.0,20.0,20.0,20.0,20.0,20.0,17.828,3.0
38.008,40.355,20.043,85.132,75.874,82.709,62.025,10.118,134.939,20.0,20.0,20.0,20.0,20.0,20.0,17.828,3.0
7.8,40.055,19.751,84.845,75.608,82.457,61.795,100.986,134.766,20.0,20.0,20.0,20.0,20.0,20.0,17.534,2.5
87.932,39.399,19.115,8.422,75.027,81.908,61.295,100.563,13.439,20.0,20.0,20.0,20.0,20.0,20.0,16.894,2.0
87.932,39.399,19.115,8.422,75.027,81.908,61.295,100.563,13.439,20.0,20.0,20.0,20.0,20.0,20.0,16.894,2.0
58.169,39.055,18.782,83.892,74.723,81.621,61.034,100.342,134.194,20.0,20.0,20.0,20.0,20.0,20.0,1.656,2.0
57.505,3.84,18.149,83.268,74.143,81.074,60.539,99.922,13.382,20.0,20.0,20.0,20.0,20.0,20.0,15.924,1.5
57.505,3.84,18.149,83.268,74.143,81.074,60.539,99.922,13.382,20.0,20.0,20.0,20.0,20.0,20.0,15.924,1.5
57.196,38.095,17.855,82.977,73.873,8.082,60.309,99.726,133.646,20.0,20.0,20.0,20.0,20.0,20.0,15.629,1.0
56.554,37.461,88.723,17.244,73.314,80.292,59.832,99.322,133.286,20.0,20.0,20.0,20.0,20.0,20.0,15.017,1.0
56.554,37.461,88.723,17.244,73.314,80.292,59.832,99.322,133.286,20.0,20.0,20.0,20.0,20.0,20.0,15.017,1.0
56.215,37.127,88.394,16.924,7.302,80.015,59.583,99.111,133.098,20.0,20.0,20.0,20.0,20.0,20.0,14.695,1.0
55.578,36.498,87.775,16.322,72.466,79.493,59.115,98.713,132.744,20.0,20.0,20.0,20.0,20.0,20.0,14.092,1.0
55.578,36.498,87.775,16.322,72.466,79.493,59.115,98.713,132.744,20.0,20.0,20.0,20.0,20.0,20.0,14.092,1.0
55.244,36.169,87.451,16.009,72.177,79.221,58.871,98.506,132.559,20.0,20.0,20.0,20.0,20.0,13.778,73.627,0.5
54.932,35.862,87.148,15.716,71.906,78.966,58.643,67.113,132.386,20.0,20.0,20.0,20.0,20.0,13.485,73.324,0.5
54.932,35.862,87.148,15.716,71.906,78.966,58.643,67.113,132.386,20.0,20.0,20.0,20.0,20.0,13.485,73.324,0.5
54.611,35.545,86.836,15.415,71.628,78.704,5.841,66.899,132.209,20.0,20.0,20.0,20.0,20.0,13.184,7.301,0.5
53.936,3.488,86.181,14.786,71.046,78.157,57.923,66.453,13.184,20.0,20.0,20.0,20.0,20.0,12.556,72.354,0.0
53.936,3.488,86.181,14.786,71.046,78.157,57.923,66.453,13.184,20.0,20.0,20.0,20.0,20.0,12.556,72.354,0.0
53.263,34.217,85.528,14.163,70.467,77.613,57.441,66.013,131.474,20.0,20.0,20.0,20.0,20.0,11.934,71.699,0.0
53.263,34.217,85.528,14.163,70.467,77.613,57.441,66.013,131.474,20.0,20.0,20.0,20.0,20.0,11.934,71.699,0.0
52.654,33.618,84.938,13.605,69.945,77.123,5.701,65.619,131.147,20.0,20.0,20.0,20.0,20.0,11.375,71.106,0.0
52.351,3.332,84.645,13.329,69.686,76.881,56.796,65.424,130.985,20.0,20.0,20.0,20.0,20.0,1.11,70.812,0.0
52.351,3.332,84.645,13.329,69.686,76.881,56.796,65.424,130.985,20.0,20.0,20.0,20.0,20.0,1.11,70.812,0.0
5.172,3.27,84.034,12.757,69.148,76.376,56.354,65.021,130.648,20.0,20.0,20.0,20.0,20.0,1.053,70.198,0.0
51.425,32.411,83.748,12.492,68.897,76.141,56.149,64.833,130.492,20.0,20.0,20.0,20.0,20.0,10.266,69.911,0.0
51.112,32.103,83.445,12.212,68.631,75.892,55.932,64.636,130.327,20.0,20.0,20.0,20.0,9.989,20.0,69.607,-0.5
50.817,31.814,8.316,77.003,1.195,75.658,55.728,6.445,130.171,20.0,20.0,20.0,20.0,9.729,20.0,69.321,0.0
50.817,31.814,8.316,77.003,1.195,75.658,55.728,6.445,130.171,20.0,20.0,20.0,20.0,9.729,20.0,69.321,0.0
50.502,31.506,82.856,76.711,11.673,75.409,55.513,64.254,130.007,20.0,20.0,20.0,20.0,9.453,20.0,69.015,0.0
4.986,81.421,30.876,76.114,11.112,74.902,55.075,63.855,104.503,20.0,20.0,20.0,20.0,0.89,20.0,68.391,-0.5
49.499,81.061,30.522,75.779,1.08,74.617,5.483,63.633,104.305,20.0,20.0,20.0,20.0,8.594,20.0,68.041,-1.0
49.196,80.758,30.225,75.498,10.542,7.438,54.627,63.448,104.141,20.0,20.0,20.0,20.0,834,20.0,67.746,-1.0
49.196,80.758,30.225,75.498,10.542,7.438,54.627,63.448,104.141,20.0,20.0,20.0,20.0,834,20.0,67.746,-1.0
48.512,80.075,29.558,74.867,9.972,73.849,101.318,54.175,103.776,20.0,20.0,20.0,7.778,20.0,20.0,67.081,-1.0
48.512,80.075,29.558,74.867,9.972,73.849,101.318,54.175,103.776,20.0,20.0,20.0,7.778,20.0,20.0,67.081,-1.0
48.207,7.977,2.926,74.586,20.0,9.722,101.114,53.975,103.615,20.0,20.0,20.0,7.533,20.0,20.0,66.783,-1.0
47.504,79.068,28.575,73.939,83.887,916,100.648,5.352,103.247,20.0,20.0,20.0,6.986,20.0,20.0,66.098,-1.5
47.504,79.068,28.575,73.939,83.887,916,100.648,5.352,103.247,20.0,20.0,20.0,6.986,20.0,20.0,66.098,-1.5
46.838,78.404,27.928,73.329,83.297,865,116.663,53.097,93.578,20.0,20.0,6.493,20.0,20.0,20.0,6.545,-1.5
46.838,78.404,27.928,73.329,83.297,865,116.663,53.097,93.578,20.0,20.0,6.493,20.0,20.0,20.0,6.545,-1.5
75.629,46.216,27.325,72.761,82.747,64.556,8.197,52.709,93.245,20.0,20.0,606,20.0,20.0,20.0,64.842,-2.0
75.312,45.899,27.019,72.473,82.468,6.43,7.975,52.514,93.078,20.0,5.852,20.0,20.0,20.0,20.0,64.533,-2.0
75.002,45.591,26.721,72.193,82.197,64.052,7.767,52.327,92.918,20.0,5.658,20.0,20.0,20.0,20.0,64.231,-2.5
74.653,45.243,26.386,71.879,81.893,63.774,71.374,7.542,61.184,20.0,5.451,20.0,20.0,20.0,20.0,6.389,-2.5
74.653,45.243,26.386,71.879,81.893,63.774,71.374,7.542,61.184,20.0,5.451,20.0,20.0,20.0,20.0,6.389,-2.5
74.344,44.936,2.609,71.601,81.625,63.529,71.149,7.353,61.022,5.278,20.0,20.0,20.0,20.0,20.0,63.588,-3.0
73.698,44.294,25.474,71.024,81.068,63.022,70.683,6.988,60.689,20.0,20.0,20.0,20.0,20.0,20.0,62.957,24.5
73.698,44.294,25.474,71.024,81.068,63.022,70.683,6.988,60.689,20.0,20.0,20.0,20.0,20.0,20.0,62.957,24.5
73.398,43.996,2.519,70.758,80.811,6.279,7.047,51.395,6.835,20.0,20.0,20.0,20.0,20.0,20.0,62.663,25.5
43.384,20.0,24.571,7.015,20.0,62.221,97.926,50.921,6.412,20.0,20.0,20.0,20.0,20.0,20.0,41.997,23.5
43.104,24.285,75.715,69.868,61.954,69.671,97.691,50.696,622,20.0,20.0,20.0,20.0,20.0,61.866,21.771,22.0
42.871,24.048,69.634,79.702,61.733,6.946,5.051,59.708,6.066,20.0,20.0,20.0,20.0,20.0,61.661,21.554,21.5
74.219,23.825,69.413,79.485,61.525,69.261,50.336,59.544,5.927,20.0,20.0,20.0,20.0,20.0,61.468,21.352,20.5
20.0,23.616,69.206,79.281,6.133,113.379,50.171,59.389,20.0,20.0,20.0,20.0,20.0,20.0,21.163,61.369,-6.5
20.0,23.616,69.206,79.281,6.133,113.379,50.171,59.389,20.0,20.0,20.0,20.0,20.0,20.0,21.163,61.369,-6.5
20.0,23.109,68.711,20.0,60.869,96.746,49.795,90.641,20.0,20.0,20.0,20.0,20.0,20.0,20.692,60.885,-7.5
20.0,23.109,68.711,20.0,60.869,96.746,49.795,90.641,20.0,20.0,20.0,20.0,20.0,20.0,20.692,60.885,-7.5
20.0,22.806,68.418,78.508,60.604,96.526,4.959,58.849,20.0,20.0,20.0,20.0,20.0,20.0,20.398,60.584,-7.0
20.0,22.237,67.873,77.977,60.113,67.929,49.216,58.507,20.0,20.0,20.0,20.0,20.0,20.0,19.841,60.015,-6.5
20.0,22.237,67.873,77.977,60.113,67.929,49.216,58.507,20.0,20.0,20.0,20.0,20.0,20.0,19.841,60.015,-6.5
72.284,21.907,67.558,7.767,59.831,67.667,49.004,58.313,20.0,20.0,20.0,20.0,20.0,20.0,19.518,59.684,-5.5
71.677,21.316,66.993,77.121,59.328,67.198,95.482,48.629,134.148,20.0,20.0,20.0,20.0,20.0,18.935,38.904,-5.0
71.677,21.316,66.993,77.121,59.328,67.198,95.482,48.629,134.148,20.0,20.0,20.0,20.0,20.0,18.935,38.904,-5.0
7.139,21.036,20.0,66.726,5.909,66.978,95.289,48.454,124.352,20.0,20.0,20.0,20.0,20.0,18.659,38.627,-4.5
3.924,20.463,71.899,66.179,58.606,66.528,94.897,4.81,98.646,20.0,20.0,20.0,20.0,20.0,58.299,18.093,-3.5
3.924,20.463,71.899,66.179,58.606,66.528,94.897,4.81,98.646,20.0,20.0,20.0,20.0,20.0,58.299,18.093,-3.5
38.941,20.0,20.173,65.903,58.361,66.302,9.47,47.923,98.493,20.0,20.0,20.0,20.0,20.0,58.017,17.806,-3.0
38.319,20.0,19.571,65.328,20.0,57.854,9.429,47.559,98.176,20.0,20.0,20.0,20.0,20.0,57.432,17.211,-2.5
38.319,20.0,19.571,65.328,20.0,57.854,9.429,47.559,98.176,20.0,20.0,20.0,20.0,20.0,57.432,17.211,-2.5
37.711,20.0,18.983,64.767,20.0,57.362,93.893,47.208,56.678,20.0,20.0,20.0,20.0,20.0,56.861,16.631,-2.5
37.711,20.0,18.983,64.767,20.0,57.362,93.893,47.208,56.678,20.0,20.0,20.0,20.0,20.0,56.861,16.631,-2.5
37.117,20.0,18.412,64.221,20.0,56.884,109.448,46.873,56.374,20.0,20.0,20.0,20.0,20.0,16.066,36.011,-2.5
3.682,20.0,18.127,63.949,20.0,56.647,10.924,46.709,87.825,20.0,20.0,20.0,20.0,20.0,15.783,35.725,-2.0
3.682,20.0,18.127,63.949,20.0,56.647,10.924,46.709,87.825,20.0,20.0,20.0,20.0,20.0,15.783,35.725,-2.0
3.682,20.0,18.127,63.949,20.0,56.647,10.924,46.709,87.825,20.0,20.0,20.0,20.0,20.0,15.783,35.725,-2.0
3.587,20.0,17.219,63.081,73.326,55.894,64.024,92.718,46.195,20.0,20.0,20.0,20.0,20.0,14.883,34.809,-1.5
3.587,20.0,17.219,63.081,73.326,55.894,64.024,92.718,46.195,20.0,20.0,20.0,20.0,20.0,14.883,34.809,-1.5
35.161,20.0,16.545,62.436,72.702,55.337,63.513,92.275,45.822,20.0,20.0,20.0,20.0,20.0,14.215,34.127,-1.5
35.161,20.0,16.545,62.436,72.702,55.337,63.513,92.275,45.822,20.0,20.0,20.0,20.0,20.0,14.215,34.127,-1.5
34.521,20.0,1.594,61.856,72.141,54.839,63.056,91.878,130.866,20.0,20.0,20.0,20.0,20.0,13.614,33.511,-1.5
34.222,20.0,6.706,15.658,71.879,54.607,62.844,91.695,130.705,20.0,20.0,20.0,20.0,20.0,13.335,33.223,-1.0
34.222,20.0,6.706,15.658,71.879,54.607,62.844,91.695,130.705,20.0,20.0,20.0,20.0,20.0,13.335,33.223,-1.0
33.565,20.0,66.431,15.043,71.306,54.102,62.381,91.294,130.355,20.0,20.0,20.0,20.0,20.0,12.724,32.592,-1.0
33.565,20.0,66.431,15.043,71.306,54.102,62.381,91.294,130.355,20.0,20.0,20.0,20.0,20.0,12.724,32.592,-1.0
33.565,20.0,66.431,15.043,71.306,54.102,62.381,91.294,130.355,20.0,20.0,20.0,20.0,20.0,12.724,32.592,-1.0
32.581,20.0,65.489,14.128,70.451,53.351,61.695,90.701,129.834,20.0,20.0,20.0,20.0,20.0,11.817,31.648,-1.0
32.581,20.0,65.489,14.128,70.451,53.351,61.695,90.701,129.834,20.0,20.0,20.0,20.0,20.0,11.817,31.648,-1.0
3.194,20.0,64.877,13.537,69.896,52.868,61.254,90.319,12.95,20.0,20.0,20.0,20.0,20.0,11.232,31.033,-1.0
3.194,20.0,64.877,13.537,69.896,52.868,61.254,90.319,12.95,20.0,20.0,20.0,20.0,20.0,11.232,31.033,-1.0
31.632,20.0,64.584,13.256,69.631,52.638,61.045,90.138,129.341,20.0,20.0,20.0,20.0,20.0,10.953,30.739,-1.0
31.008,20.0,6.399,1.269,58.702,20.0,52.174,89.774,140.088,20.0,20.0,20.0,20.0,20.0,10.393,30.141,-1.0
30.694,20.0,63.691,12.407,58.423,20.0,51.942,89.591,139.925,20.0,20.0,20.0,20.0,10.113,50.278,29.841,-1.0
30.399,61.963,63.411,12.143,58.162,20.0,51.725,89.422,98.725,20.0,20.0,20.0,20.0,9.852,50.002,29.559,-1.0
30.399,61.963,63.411,12.143,58.162,20.0,51.725,89.422,98.725,20.0,20.0,20.0,20.0,9.852,50.002,29.559,-1.0
29.458,61.023,62.518,20.0,11.313,20.0,51.041,59.595,9.822,20.0,20.0,20.0,20.0,9.033,49.122,2.866,-1.0
29.458,61.023,62.518,20.0,11.313,20.0,51.041,59.595,9.822,20.0,20.0,20.0,20.0,9.033,49.122,2.866,-1.0
29.152,60.718,73.374,62.228,11.047,20.0,5.082,59.395,98.057,20.0,20.0,20.0,20.0,8.771,48.836,28.368,-1.0
28.844,6.041,73.082,61.937,10.782,20.0,5.06,59.196,97.895,20.0,20.0,20.0,20.0,8.511,48.548,28.074,-1.0
28.539,60.105,72.792,61.648,10.522,20.0,50.383,5.9,97.735,20.0,20.0,20.0,20.0,8.256,48.263,27.783,-1.0
2.788,59.447,20.0,61.027,997,20.0,49.918,5.858,20.0,20.0,20.0,20.0,7.717,20.0,27.155,62.038,-1.5
2.788,59.447,20.0,61.027,997,20.0,49.918,5.858,20.0,20.0,20.0,20.0,7.717,20.0,27.155,62.038,-1.5
27.561,59.129,20.0,60.726,55.671,9.709,49.695,58.379,87.836,20.0,20.0,20.0,7.463,20.0,26.852,61.728,-1.5
26.876,58.445,20.0,60.084,5.508,9.162,49.223,57.955,8.747,20.0,20.0,20.0,6.932,20.0,2.62,61.063,-1.5
26.876,58.445,20.0,60.084,5.508,9.162,49.223,57.955,8.747,20.0,20.0,20.0,6.932,20.0,2.62,61.063,-1.5
26.556,58.125,20.0,59.783,54.804,8.913,49.005,57.759,87.301,20.0,20.0,6.692,20.0,20.0,25.895,60.751,-2.0
26.556,58.125,20.0,59.783,54.804,8.913,49.005,57.759,87.301,20.0,20.0,6.692,20.0,20.0,25.895,60.751,-2.0
25.928,57.498,20.0,59.197,54.267,8.441,48.583,57.381,86.976,20.0,20.0,6.241,20.0,20.0,25.297,60.139,-2.0
25.631,57.202,20.0,5.892,54.014,64.584,8.227,57.205,124.859,20.0,20.0,6.038,20.0,20.0,25.014,59.849,-2.0
66.483,25.282,20.0,58.596,53.719,6.43,7.983,57.001,124.677,20.0,5.809,20.0,20.0,20.0,24.682,59.508,-2.5
66.483,25.282,20.0,58.596,53.719,6.43,7.983,57.001,124.677,20.0,5.809,20.0,20.0,20.0,24.682,59.508,-2.5
20.0,24.315,20.0,5.77,52.906,63.522,108.434,7.356,20.0,5.238,20.0,20.0,20.0,20.0,2.376,58.562,-3.5
20.0,24.315,20.0,5.77,52.906,63.522,108.434,7.356,20.0,5.238,20.0,20.0,20.0,20.0,2.376,58.562,-3.5
53.218,23.714,20.0,57.148,20.0,52.409,108.034,7.014,136.857,20.0,20.0,20.0,20.0,20.0,23.186,57.971,17.5
52.896,23.396,20.0,56.856,20.0,52.147,107.825,46.968,685,20.0,20.0,20.0,20.0,20.0,22.879,57.656,19.0
52.896,23.396,20.0,56.856,20.0,52.147,107.825,46.968,685,20.0,20.0,20.0,20.0,20.0,22.879,57.656,19.0
64.293,23.097,20.0,56.565,51.874,62.531,93.856,46.745,20.0,20.0,20.0,20.0,20.0,20.0,22.618,57.381,-8.5
22.471,20.0,67.056,55.947,51.292,20.0,46.263,55.294,8.515,20.0,20.0,20.0,20.0,42.658,22.084,41.677,-12.0
22.471,20.0,67.056,55.947,51.292,20.0,46.263,55.294,8.515,20.0,20.0,20.0,20.0,42.658,22.084,41.677,-12.0
22.191,53.764,20.0,55.693,51.066,61.748,93.189,46.099,85.028,20.0,20.0,20.0,20.0,20.0,21.816,41.396,-11.5
22.191,53.764,20.0,55.693,51.066,61.748,93.189,46.099,85.028,20.0,20.0,20.0,20.0,20.0,21.816,41.396,-11.5
62.789,21.597,20.0,55.158,50.594,61.298,106.529,45.765,20.0,20.0,20.0,20.0,20.0,20.0,21.243,55.942,-9.5
20.0,21.316,20.0,54.907,20.0,50.374,106.359,45.614,54.729,20.0,20.0,20.0,20.0,20.0,2.097,55.661,-9.0
20.0,20.999,20.0,54.624,20.0,50.126,106.165,45.443,54.581,20.0,20.0,20.0,20.0,20.0,20.662,55.342,-8.0
49.886,20.398,20.0,5.409,20.0,49.663,20.0,45.129,98.911,20.0,20.0,20.0,20.0,20.0,20.076,54.736,-7.0
49.886,20.398,20.0,5.409,20.0,49.663,20.0,45.129,98.911,20.0,20.0,20.0,20.0,20.0,20.076,54.736,-7.0
49.242,1.977,20.0,64.615,53.535,49.184,5.996,91.796,44.812,20.0,20.0,20.0,20.0,20.0,19.462,54.099,-6.0
49.242,1.977,20.0,64.615,53.535,49.184,5.996,91.796,44.812,20.0,20.0,20.0,20.0,20.0,19.462,54.099,-6.0
49.242,1.977,20.0,64.615,53.535,49.184,5.996,91.796,44.812,20.0,20.0,20.0,20.0,20.0,19.462,54.099,-6.0
48.367,18.919,50.502,20.0,52.789,48.546,59.355,91.333,118.131,20.0,20.0,20.0,20.0,20.0,18.626,20.0,-4.5
48.367,18.919,50.502,20.0,52.789,48.546,59.355,91.333,118.131,20.0,20.0,20.0,20.0,20.0,18.626,20.0,-4.5
48.058,59.788,1.862,20.0,52.528,20.0,48.325,91.175,117.978,20.0,20.0,20.0,20.0,20.0,1.833,20.0,-4.0
47.418,59.161,18.001,20.0,51.989,20.0,47.869,104.425,90.847,20.0,20.0,20.0,20.0,20.0,1.772,20.0,-3.5
47.418,59.161,18.001,20.0,51.989,20.0,47.869,104.425,90.847,20.0,20.0,20.0,20.0,20.0,1.772,20.0,-3.5
4.712,58.869,17.713,20.0,51.739,20.0,47.658,104.264,90.696,20.0,20.0,20.0,20.0,20.0,17.436,20.0,-3.5
36.176,58.251,17.107,20.0,51.213,20.0,47.218,103.927,20.0,20.0,20.0,20.0,20.0,20.0,16.836,20.0,-3.0
36.176,58.251,17.107,20.0,51.213,20.0,47.218,103.927,20.0,20.0,20.0,20.0,20.0,20.0,16.836,20.0,-3.0
35.511,20.0,16.471,20.0,50.664,20.0,46.762,20.0,103.579,20.0,20.0,20.0,20.0,20.0,16.205,20.0,-2.0
35.511,20.0,16.471,20.0,50.664,20.0,46.762,20.0,103.579,20.0,20.0,20.0,20.0,20.0,16.205,20.0,-2.0
35.511,20.0,16.471,20.0,50.664,20.0,46.762,20.0,103.579,20.0,20.0,20.0,20.0,20.0,16.205,20.0,-2.0
34.599,44.915,15.605,20.0,60.927,49.918,46.147,57.081,103.108,20.0,20.0,20.0,20.0,20.0,15.346,20.0,-2.0
34.599,44.915,15.605,20.0,60.927,49.918,46.147,57.081,103.108,20.0,20.0,20.0,20.0,20.0,15.346,20.0,-2.0
33.978,44.297,1.502,20.0,60.411,49.415,45.736,5.669,20.0,20.0,20.0,20.0,20.0,20.0,14.765,20.0,-1.5
33.978,44.297,1.502,20.0,60.411,49.415,45.736,5.669,20.0,20.0,20.0,20.0,20.0,20.0,14.765,20.0,-1.5
33.356,43.677,45.988,14.438,20.0,48.914,20.0,4.533,20.0,20.0,20.0,20.0,20.0,20.0,14.184,20.0,-1.5
32.982,43.304,45.632,14.089,20.0,48.615,20.0,45.089,20.0,20.0,20.0,20.0,20.0,20.0,13.837,20.0,-1.0
32.982,43.304,45.632,14.089,20.0,48.615,20.0,45.089,20.0,20.0,20.0,20.0,20.0,20.0,13.837,20.0,-1.0
32.371,42.696,45.051,13.522,20.0,48.128,20.0,44.698,20.0,20.0,20.0,20.0,20.0,20.0,13.273,20.0,-1.0
32.371,42.696,45.051,13.522,20.0,48.128,20.0,44.698,20.0,20.0,20.0,20.0,20.0,20.0,13.273,20.0,-1.0
32.056,42.382,44.752,13.232,20.0,47.878,20.0,44.499,20.0,20.0,20.0,20.0,20.0,20.0,12.983,20.0,-0.5
31.222,41.552,43.962,12.469,20.0,47.222,20.0,4.398,20.0,20.0,20.0,20.0,20.0,20.0,12.223,20.0,-1.0
31.222,41.552,43.962,12.469,20.0,47.222,20.0,4.398,20.0,20.0,20.0,20.0,20.0,20.0,12.223,20.0,-1.0
30.505,40.838,52.752,11.821,20.0,46.662,20.0,43.541,20.0,20.0,20.0,20.0,20.0,20.0,11.577,20.0,-0.5
30.505,40.838,52.752,11.821,20.0,46.662,20.0,43.541,20.0,20.0,20.0,20.0,20.0,20.0,11.577,20.0,-0.5
30.505,40.838,52.752,11.821,20.0,46.662,20.0,43.541,20.0,20.0,20.0,20.0,20.0,20.0,11.577,20.0,-0.5
29.793,4.013,52.066,42.612,11.188,46.112,20.0,43.115,20.0,20.0,20.0,20.0,20.0,10.944,31.341,20.0,-0.5
29.484,39.823,51.769,42.321,10.915,45.875,20.0,42.933,20.0,20.0,20.0,20.0,20.0,10.673,3.105,20.0,0.0
29.484,39.823,51.769,42.321,10.915,45.875,20.0,42.933,20.0,20.0,20.0,20.0,20.0,10.673,3.105,20.0,0.0
28.495,38.839,50.816,41.391,10.058,4.512,20.0,42.357,20.0,20.0,20.0,20.0,20.0,9.819,3.012,20.0,-0.5
28.495,38.839,50.816,41.391,10.058,4.512,20.0,42.357,20.0,20.0,20.0,20.0,20.0,9.819,3.012,20.0,-0.5
27.816,38.163,50.164,40.754,9.485,44.607,20.0,4.197,53.091,20.0,20.0,20.0,20.0,9.248,29.484,20.0,-0.5
27.816,38.163,50.164,40.754,9.485,44.607,20.0,4.197,53.091,20.0,20.0,20.0,20.0,9.248,29.484,20.0,-0.5
27.128,37.479,49.503,4.011,20.0,892,44.093,41.588,52.722,20.0,20.0,20.0,8.685,20.0,2.884,20.0,0.0
27.128,37.479,49.503,4.011,20.0,892,44.093,41.588,52.722,20.0,20.0,20.0,8.685,20.0,2.884,20.0,0.0
26.754,37.108,49.145,39.762,20.0,8.622,43.817,20.0,41.385,20.0,20.0,20.0,8.386,20.0,28.492,20.0,-0.5
26.073,36.432,48.493,39.127,20.0,8.092,43.315,20.0,41.017,20.0,20.0,20.0,7.861,20.0,27.859,20.0,-0.5
26.073,36.432,48.493,39.127,20.0,8.092,43.315,20.0,41.017,20.0,20.0,20.0,7.861,20.0,27.859,20.0,-0.5
25.755,36.115,48.188,38.831,20.0,7.853,43.083,20.0,4.085,20.0,20.0,20.0,7.623,20.0,27.564,20.0,0.0
25.097,35.463,4.756,38.222,20.0,53.321,738,20.0,20.0,20.0,20.0,7.151,20.0,20.0,26.955,20.0,-0.5
25.097,35.463,4.756,38.222,20.0,53.321,738,20.0,20.0,20.0,20.0,7.151,20.0,20.0,26.955,20.0,-0.5
25.097,35.463,4.756,38.222,20.0,53.321,738,20.0,20.0,20.0,20.0,7.151,20.0,20.0,26.955,20.0,-0.5
24.064,34.437,46.574,37.267,20.0,52.535,4.187,0.67,20.0,20.0,6.475,20.0,20.0,20.0,26.002,20.0,-0.5
24.064,34.437,46.574,37.267,20.0,52.535,4.187,0.67,20.0,20.0,6.475,20.0,20.0,20.0,26.002,20.0,-0.5
24.064,34.437,46.574,37.267,20.0,52.535,4.187,0.67,20.0,20.0,6.475,20.0,20.0,20.0,26.002,20.0,-0.5
23.056,33.437,45.617,36.342,20.0,20.0,41.166,20.0,20.0,5.914,20.0,20.0,20.0,20.0,25.078,20.0,-30.0
23.056,33.437,45.617,36.342,20.0,20.0,41.166,20.0,20.0,5.914,20.0,20.0,20.0,20.0,25.078,20.0,-30.0
22.436,32.839,20.0,45.063,35.819,20.0,51.392,40.818,20.0,20.0,20.0,20.0,20.0,20.0,2.447,20.0,-10.0
22.436,32.839,20.0,45.063,35.819,20.0,51.392,40.818,20.0,20.0,20.0,20.0,20.0,20.0,2.447,20.0,-10.0
22.436,32.839,20.0,45.063,35.819,20.0,51.392,40.818,20.0,20.0,20.0,20.0,20.0,20.0,2.447,20.0,-10.0
36.743,2.149,3.194,44.252,35.066,20.0,20.0,40.367,20.0,20.0,20.0,20.0,20.0,20.0,20.0,23.502,-5.5
36.743,2.149,3.194,44.252,35.066,20.0,20.0,40.367,20.0,20.0,20.0,20.0,20.0,20.0,20.0,23.502,-5.5
36.122,20.882,31.358,20.0,4.372,34.569,20.0,50.514,40.055,20.0,20.0,20.0,20.0,20.0,20.0,22.899,-5.0
36.122,20.882,31.358,20.0,4.372,34.569,20.0,50.514,40.055,20.0,20.0,20.0,20.0,20.0,20.0,22.899,-5.0
36.122,20.882,31.358,20.0,4.372,34.569,20.0,50.514,40.055,20.0,20.0,20.0,20.0,20.0,20.0,22.899,-5.0
35.094,19.877,20.0,30.396,42.842,33.754,20.0,49.931,20.0,20.0,20.0,20.0,20.0,20.0,20.0,21.903,-3.5
35.094,19.877,20.0,30.396,42.842,33.754,20.0,49.931,20.0,20.0,20.0,20.0,20.0,20.0,20.0,21.903,-3.5
34.384,20.0,19.186,29.737,42.243,33.201,20.0,49.543,20.0,20.0,20.0,20.0,20.0,20.0,20.0,21.215,-2.5
34.384,20.0,19.186,29.737,42.243,33.201,20.0,49.543,20.0,20.0,20.0,20.0,20.0,20.0,20.0,21.215,-2.5
34.384,20.0,19.186,29.737,42.243,33.201,20.0,49.543,20.0,20.0,20.0,20.0,20.0,20.0,20.0,21.215,-2.5
33.387,20.0,18.217,28.812,41.404,32.432,20.0,20.0,49.005,20.0,20.0,20.0,20.0,20.0,20.0,20.252,-2.0
33.387,20.0,18.217,28.812,41.404,32.432,20.0,20.0,49.005,20.0,20.0,20.0,20.0,20.0,20.0,20.252,-2.0
33.387,20.0,18.217,28.812,41.404,32.432,20.0,20.0,49.005,20.0,20.0,20.0,20.0,20.0,20.0,20.252,-2.0
32.343,20.0,17.207,27.853,20.0,31.646,20.0,20.0,20.0,20.0,20.0,20.0,20.0,20.0,20.0,19.246,-1.5